{
  "best_single": {
    "params": [
      10,
      0.015,
      15
    ],
    "gains": [
      25.17726876459887,
      3.303041407772289,
      7.322185773388279,
      66.87341143658661
    ],
    "min_gain": 3.303041407772289,
    "avg_gain": 25.668976845586513,
    "all_positive": true
  },
  "hyper_results": [
    6.715541237014344,
    -27.92672724932069,
    -7.368354304983892,
    -10.584965355864828
  ],
  "strategies": [
    "RS_10",
    "RS_20",
    "RS_50"
  ]
}